{
  "Total" : {
    "transaction" : "Total",
    "sampleCount" : 100,
    "errorCount" : 0,
    "errorPct" : 0.0,
    "meanResTime" : 74.81000000000002,
    "medianResTime" : 29.5,
    "minResTime" : 18.0,
    "maxResTime" : 564.0,
    "pct1ResTime" : 230.9,
    "pct2ResTime" : 235.95,
    "pct3ResTime" : 562.4699999999992,
    "throughput" : 3.3731363421709504,
    "receivedKBytesPerSec" : 95.076624217854,
    "sentKBytesPerSec" : 0.44470059198542805
  },
  "HTTP Request" : {
    "transaction" : "HTTP Request",
    "sampleCount" : 100,
    "errorCount" : 0,
    "errorPct" : 0.0,
    "meanResTime" : 74.81000000000002,
    "medianResTime" : 29.5,
    "minResTime" : 18.0,
    "maxResTime" : 564.0,
    "pct1ResTime" : 230.9,
    "pct2ResTime" : 235.95,
    "pct3ResTime" : 562.4699999999992,
    "throughput" : 3.3731363421709504,
    "receivedKBytesPerSec" : 95.076624217854,
    "sentKBytesPerSec" : 0.44470059198542805
  }
}